Cohort,TestStart,TestEnd,Direction,Status,CandidateWindows,Candidates,Observations,AUCDefinedWindows,DifferentProbabilities,MaxAbsProbabilityDelta,MeanChronoRounds,MedianChronoRounds,MinChronoRounds,MaxChronoRounds,FirstTestDate,LastTestDate,SelectionSecondsSum,RefitSecondsSum,MeanCW_LogLossFixed,ObsWeighted_LogLossFixed,MeanCW_LogLossChrono,ObsWeighted_LogLossChrono,MeanCW_DeltaLogLoss,ObsWeighted_DeltaLogLoss,MeanCW_BrierFixed,ObsWeighted_BrierFixed,MeanCW_BrierChrono,ObsWeighted_BrierChrono,MeanCW_DeltaBrier,ObsWeighted_DeltaBrier,MeanCW_AUCFixed,MeanCW_AUCChrono,MeanCW_DeltaAUC,MeanCW_LogLossTrainConstant,ObsWeighted_LogLossTrainConstant,MeanCW_BrierTrainConstant,ObsWeighted_BrierTrainConstant,MeanCW_DeltaLogLossFixedVsConstant,ObsWeighted_DeltaLogLossFixedVsConstant,MeanCW_DeltaLogLossChronoVsConstant,ObsWeighted_DeltaLogLossChronoVsConstant,MeanCW_DeltaBrierFixedVsConstant,ObsWeighted_DeltaBrierFixedVsConstant,MeanCW_DeltaBrierChronoVsConstant,ObsWeighted_DeltaBrierChronoVsConstant
C01,2024-07-12,2024-10-09,Down,repli,1702,1702,107226,1702,0,0,80,80,80,80,2024-07-12,2024-10-09,4.785205201944251,219.53298220271239,0.49740423798098526,0.49740423798098526,0.49740423798098526,0.49740423798098526,0,0,0.15859989686785042,0.15859989686785042,0.15859989686785042,0.15859989686785042,0,0,0.50908631332123067,0.50908631332123067,0,0.48807124477658287,0.48807124477658292,0.15597412148913181,0.15597412148913184,0.0093329932044023609,0.0093329932044023626,0.0093329932044023609,0.0093329932044023626,0.0026257753787185954,0.0026257753787185954,0.0026257753787185954,0.0026257753787185954
C01,2024-07-12,2024-10-09,Up,repli,1702,1702,107226,1702,0,0,80,80,80,80,2024-07-12,2024-10-09,4.7874511962290018,216.1857027066871,0.50157077641640391,0.50157077641640391,0.50157077641640391,0.50157077641640391,0,0,0.16037407618789726,0.16037407618789729,0.16037407618789726,0.16037407618789729,0,0,0.56361948329675893,0.56361948329675893,0,0.50255298640371104,0.50255298640371104,0.16075966716494669,0.16075966716494669,-0.00098220998730718474,-0.00098220998730718474,-0.00098220998730718474,-0.00098220998730718474,-0.00038559097704939609,-0.00038559097704939598,-0.00038559097704939609,-0.00038559097704939598
C01,2024-10-10,2025-01-10,Down,optimise,1702,1702,107226,1702,107163,0.30457916855812073,34.280258519388951,9,1,496,2024-10-10,2025-01-10,304.65893340087496,108.38666049786838,0.52761025110715976,0.52761025110715976,0.52170730818199285,0.52170730818199285,-0.0059029429251669912,-0.0059029429251669912,0.16959683787318189,0.16959683787318189,0.16799446371018531,0.16799446371018531,-0.0016023741629965298,-0.0016023741629965298,0.49569544330313564,0.49777864527035598,0.0020832019672202794,0.51668085031892907,0.51668085031892907,0.16679376211467309,0.16679376211467312,0.01092940078823069,0.010929400788230691,0.005026457863063701,0.0050264578630637002,0.0028030757585088052,0.0028030757585088047,0.0012007015955122751,0.0012007015955122751
C01,2024-10-10,2025-01-10,Up,optimise,1702,1702,107226,1702,106721,0.33911377191543579,52.428319623971795,31,1,446,2024-10-10,2025-01-10,376.35476409737021,152.8789300010539,0.46191467108052087,0.46191467108052087,0.46365642303980797,0.46365642303980797,0.0017417519592871219,0.0017417519592871221,0.14498219098549411,0.14498219098549411,0.14541538313683292,0.14541538313683292,0.00043319215133881414,0.0004331921513388142,0.57215403144888277,0.56254240933384736,-0.0096116221150353356,0.46477095952798664,0.46477095952798664,0.14573724271446839,0.14573724271446839,-0.0028562884474657617,-0.0028562884474657617,-0.0011145364881786396,-0.0011145364881786394,-0.00075505172897426525,-0.00075505172897426514,-0.00032185957763545094,-0.00032185957763545105
C01,2025-01-13,2025-04-11,Down,optimise,1702,1702,107226,1702,107037,0.27426275610923767,25.290834312573445,6,1,390,2025-01-13,2025-04-11,265.94866950041614,85.83767120330586,0.57058611032880424,0.57058611032880413,0.56282413446799195,0.56282413446799195,-0.0077619758608122287,-0.0077619758608122279,0.18793817989517383,0.18793817989517381,0.18602175795082548,0.18602175795082551,-0.0019164219443483042,-0.0019164219443483039,0.49829648343140204,0.50275701850046461,0.0044605350690625654,0.55875303939749554,0.55875303939749554,0.184997145918471,0.18499714591847097,0.011833070931308658,0.011833070931308661,0.0040710950704964327,0.0040710950704964336,0.0029410339767028657,0.0029410339767028653,0.0010246120323545616,0.0010246120323545618
C01,2025-01-13,2025-04-11,Up,optimise,1702,1702,107226,1702,106848,0.38487815856933599,55.853113983548766,38,1,499,2025-01-13,2025-04-11,391.7984955990687,161.98906390555197,0.61777913159222786,0.61777913159222764,0.62008561667542261,0.62008561667542261,0.0023064850831948087,0.0023064850831948087,0.20796024626908596,0.20796024626908602,0.20907866327657446,0.20907866327657443,0.0011184170074884617,0.0011184170074884617,0.56649018210632451,0.55741961982733512,-0.0090705622789894903,0.6220688246938163,0.6220688246938163,0.2103830226098457,0.21038302260984573,-0.0042896931015886314,-0.0042896931015886323,-0.0019832080183938227,-0.0019832080183938227,-0.0024227763407597175,-0.0024227763407597179,-0.001304359333271256,-0.0013043593332712558
C01,2025-04-14,2025-07-15,Down,optimise,1702,1702,107226,1702,107100,0.31347310543060303,26.321974148061106,5.5,1,500,2025-04-14,2025-07-15,271.45440670102835,89.11178659787393,0.46119974655693186,0.4611997465569318,0.45603644141245164,0.4560364414124517,-0.0051633051444801726,-0.0051633051444801743,0.14273625302471082,0.14273625302471082,0.14103126995585161,0.14103126995585161,-0.0017049830688592139,-0.0017049830688592139,0.50444368194991784,0.5018688859257221,-0.0025747960241958691,0.45421939348955936,0.45421939348955936,0.14040647616935276,0.14040647616935276,0.0069803530673724825,0.0069803530673724825,0.0018170479228923086,0.0018170479228923086,0.002329776855358096,0.002329776855358096,0.00062479378649888176,0.00062479378649888176
C01,2025-04-14,2025-07-15,Up,optimise,1702,1702,107226,1702,106533,0.26992478966712957,55.04054054054054,35,1,500,2025-04-14,2025-07-15,390.22430609934963,161.30396410520183,0.53786379517825611,0.53786379517825611,0.53953529361887442,0.53953529361887442,0.0016714984406182899,0.0016714984406182897,0.17679942670501306,0.17679942670501309,0.17748520036782131,0.17748520036782131,0.00068577366280821454,0.00068577366280821454,0.57724035247804895,0.56410737948618006,-0.013132972991868922,0.54084665924951425,0.54084665924951414,0.1781735800834123,0.17817358008341233,-0.0029828640712581023,-0.0029828640712581023,-0.0013113656306398133,-0.001311365630639813,-0.0013741533783992292,-0.001374153378399229,-0.00068837971559101464,-0.00068837971559101453
C01,2025-07-16,2025-10-13,Down,optimise,1702,1702,107226,1702,107100,0.34792163968086243,31.314336075205642,11,1,500,2025-07-16,2025-10-13,292.27915279986337,101.77715259953393,0.49834350510012831,0.49834350510012831,0.49289370601251536,0.49289370601251536,-0.0054497990876128761,-0.005449799087612877,0.15874814481141516,0.15874814481141516,0.15717744647552082,0.15717744647552082,-0.0015706983358943474,-0.0015706983358943474,0.49874611747588449,0.49880701449125409,6.0897015369595682e-05,0.48984173411549325,0.4898417341154932,0.15629865899987538,0.15629865899987536,0.0085017709846350268,0.0085017709846350251,0.0030519718970221489,0.0030519718970221494,0.0024494858115398067,0.0024494858115398067,0.00087878747564545967,0.00087878747564545956
C01,2025-07-16,2025-10-13,Up,optimise,1702,1702,107226,1702,106344,0.32221311330795294,56.268507638072855,35,1,498,2025-07-16,2025-10-13,397.41991400113329,165.46943020308385,0.49674351320899396,0.49674351320899396,0.49821895756996037,0.49821895756996037,0.0014754443609664579,0.0014754443609664581,0.15969033151990639,0.15969033151990639,0.16019028501832325,0.16019028501832322,0.00049995349841685589,0.00049995349841685589,0.56751406891733469,0.55854973810585062,-0.0089643308114840132,0.49857031534013146,0.49857031534013135,0.16021736576860798,0.16021736576860798,-0.0018268021311375296,-0.0018268021311375294,-0.00035135777017107167,-0.00035135777017107178,-0.00052703424870160782,-0.00052703424870160782,-2.7080750284751968e-05,-2.7080750284751884e-05
C01,2025-10-14,2026-01-13,Down,optimise,1702,1702,107226,1702,106974,0.25261498987674713,28.153349001175087,7,1,334,2025-10-14,2026-01-13,278.6770828012377,93.318794301478107,0.50237841400756722,0.50237841400756733,0.49785269027897411,0.49785269027897416,-0.0045257237285931751,-0.0045257237285931751,0.16044744436020544,0.16044744436020547,0.15912227770390658,0.15912227770390661,-0.0013251666562988913,-0.0013251666562988913,0.50109501638497156,0.49989646434370916,-0.0011985520412623788,0.49512608207895159,0.49512608207895148,0.1583002445155143,0.1583002445155143,0.0072523319286157189,0.0072523319286157181,0.0027266082000225438,0.002726608200022543,0.0021471998446911857,0.0021471998446911857,0.00082203318839229439,0.0008220331883922945
C01,2025-10-14,2026-01-13,Up,optimise,1702,1702,107226,1702,106848,0.33015349507331848,51.387779083431255,32,1,430,2025-10-14,2026-01-13,375.81875830423087,152.97584669757629,0.5412616805673649,0.5412616805673649,0.54277593994987627,0.54277593994987616,0.0015142593825113028,0.0015142593825113026,0.17811555807829993,0.17811555807829993,0.1787120903883557,0.1787120903883557,0.00059653231005578691,0.0005965323100557868,0.57416302670375485,0.56408336314275587,-0.01007966356099904,0.54460361206061902,0.54460361206061902,0.17951014685672048,0.17951014685672051,-0.0033419314932541665,-0.0033419314932541665,-0.0018276721107428635,-0.0018276721107428635,-0.0013945887784205468,-0.001394588778420547,-0.00079805646836475985,-0.00079805646836475996
C01,2026-01-14,2026-04-02,Down,optimise,1702,1702,93610,1702,93335,0.30889952182769775,30.373090481786132,8,1,500,2026-01-14,2026-04-02,290.67983179586008,101.57345000235355,0.58296609483335227,0.58296609483335227,0.57785670470089168,0.57785670470089168,-0.0051093901324606086,-0.0051093901324606086,0.19390742485855236,0.19390742485855236,0.19262463961497819,0.19262463961497819,-0.0012827852435741778,-0.0012827852435741776,0.49452444608573748,0.50110307259474285,0.0065786265090052535,0.57470981494219175,0.57470981494219175,0.19180678514011845,0.19180678514011851,0.0082562798911606106,0.0082562798911606106,0.0031468897587000021,0.0031468897587000021,0.0021006397184339127,0.0021006397184339127,0.0008178544748597351,0.00081785447485973521
C01,2026-01-14,2026-04-02,Up,optimise,1702,1702,93610,1702,93170,0.29164932668209076,53.941833137485311,32,1,500,2026-01-14,2026-04-02,386.71941690100357,159.64659559726709,0.59754093405907205,0.59754093405907205,0.59751211445040797,0.59751211445040797,-2.881960866406641e-05,-2.8819608664066207e-05,0.20145701386604006,0.20145701386604009,0.20162459519178372,0.20162459519178369,0.00016758132574366629,0.00016758132574366626,0.53697749069262235,0.52940894633151336,-0.0075685443611088763,0.59518485053679226,0.59518485053679226,0.20136015004545024,0.20136015004545027,0.0023560835222797703,0.0023560835222797699,0.0023272639136157043,0.0023272639136157039,9.6863820589836096e-05,9.6863820589836232e-05,0.00026444514633350237,0.00026444514633350226
C02,2025-04-03,2025-07-03,Down,repli,112,112,7056,112,0,0,80,80,80,80,2025-04-03,2025-07-03,0.3269749993923996,14.821729200193655,0.52531796192814795,0.52531796192814795,0.52531796192814795,0.52531796192814795,0,0,0.17072464109461918,0.17072464109461921,0.17072464109461918,0.17072464109461921,0,0,0.50569769636976347,0.50569769636976347,0,0.51451744944573707,0.51451744944573696,0.1666707440251233,0.1666707440251233,0.010800512482410929,0.010800512482410927,0.010800512482410929,0.010800512482410927,0.0040538970694959306,0.0040538970694959306,0.0040538970694959306,0.0040538970694959306
C02,2025-04-03,2025-07-03,Up,repli,112,112,7056,112,0,0,80,80,80,80,2025-04-03,2025-07-03,0.31306709954514544,14.563862599898126,0.58641589633921087,0.58641589633921087,0.58641589633921087,0.58641589633921087,0,0,0.19753332885170655,0.19753332885170652,0.19753332885170655,0.19753332885170652,0,0,0.56864233474443082,0.56864233474443082,0,0.58852301198290902,0.58852301198290913,0.19863048559370838,0.19863048559370838,-0.0021071156436981509,-0.0021071156436981513,-0.0021071156436981509,-0.0021071156436981513,-0.0010971567420018319,-0.0010971567420018323,-0.0010971567420018319,-0.0010971567420018323
C02,2025-07-07,2025-10-02,Down,optimise,112,112,7056,112,7056,0.28390975296497356,22.330357142857142,10.5,1,149,2025-07-07,2025-10-02,17.084827099228274,5.3390664984472043,0.49177550725470492,0.49177550725470487,0.49043493545558814,0.49043493545558803,-0.0013405717991168231,-0.0013405717991168231,0.15761417810796866,0.1576141781079686,0.15659948034702015,0.15659948034702012,-0.001014697760948488,-0.0010146977609484882,0.54830397370238371,0.52880903024186432,-0.019494943460519425,0.48995804840665375,0.48995804840665375,0.15634902638303999,0.15634902638304002,0.001817458848051062,0.0018174588480510622,0.00047688704893423921,0.00047688704893423921,0.0012651517249286581,0.0012651517249286579,0.00025045396398017003,0.00025045396398017003
C02,2025-07-07,2025-10-02,Up,optimise,112,112,7056,112,6930,0.24199652671813965,48.919642857142854,34.5,1,223,2025-07-07,2025-10-02,24.300676100188866,9.640570899471637,0.5355618711700284,0.5355618711700284,0.53506155690285551,0.53506155690285551,-0.00050031426717290193,-0.00050031426717290182,0.17688454364545772,0.17688454364545772,0.17673191444115108,0.17673191444115111,-0.00015262920430663185,-0.00015262920430663196,0.55557690449232089,0.55549406616412789,-8.2838328193095973e-05,0.53587751026254893,0.53587751026254893,0.17719126804160817,0.17719126804160817,-0.0003156390925204551,-0.00031563909252045499,-0.00081595335969335736,-0.00081595335969335714,-0.00030672439615045524,-0.00030672439615045519,-0.00045935360045708734,-0.00045935360045708734
C02,2025-10-03,2026-01-02,Down,optimise,112,112,7056,112,7056,0.22132617235183721,49.303571428571431,24.5,1,287,2025-10-03,2026-01-02,24.692390200216323,9.7011433001607621,0.54900022630319656,0.54900022630319645,0.54264996918858699,0.54264996918858699,-0.0063502571146095994,-0.0063502571146096002,0.18001830144892533,0.18001830144892533,0.1777747078093625,0.1777747078093625,-0.002243593639562824,-0.002243593639562824,0.49071704092251461,0.49722165346791203,0.0065046125453975256,0.53487613234232367,0.53487613234232367,0.17570121817098386,0.17570121817098391,0.014124093960872972,0.014124093960872972,0.0077738368462633729,0.0077738368462633729,0.0043170832779414877,0.0043170832779414869,0.0020734896383786633,0.0020734896383786633
C02,2025-10-03,2026-01-02,Up,optimise,112,112,7056,112,7056,0.26377242803573614,42.642857142857146,28.5,1,400,2025-10-03,2026-01-02,22.781325599411502,8.8269645001273567,0.55133895169402325,0.55133895169402314,0.55223259400612379,0.55223259400612379,0.00089364231210052147,0.00089364231210052136,0.18305264088898449,0.18305264088898446,0.1833008144460142,0.1833008144460142,0.00024817355702975313,0.00024817355702975308,0.56671441836469139,0.55639329040559926,-0.010321127959092121,0.55166143356485886,0.55166143356485897,0.1834432626666187,0.1834432626666187,-0.00032248187083580571,-0.00032248187083580641,0.00057116044126471566,0.00057116044126471533,-0.00039062177763419896,-0.00039062177763419896,-0.00014244822060444545,-0.00014244822060444562
C02,2026-01-05,2026-04-02,Down,optimise,112,112,6944,112,6944,0.20185211300849909,22.875,6.5,1,175,2026-01-05,2026-04-02,17.2799064994324,5.4389900004025495,0.62194593179269753,0.62194593179269753,0.61042541863793132,0.61042541863793143,-0.011520513154766253,-0.011520513154766253,0.21101938878143203,0.21101938878143206,0.20764828172773855,0.2076482817277385,-0.003371107053693514,-0.0033711070536935144,0.48988393063860503,0.48165064425999177,-0.0082332863786132443,0.60560660261738841,0.60560660261738852,0.20620390425520346,0.20620390425520349,0.016339329175309114,0.016339329175309114,0.0048188160205428626,0.0048188160205428626,0.0048154845262286016,0.0048154845262286016,0.0014443774725350878,0.0014443774725350876
C02,2026-01-05,2026-04-02,Up,optimise,112,112,6944,112,6944,0.23623305559158331,38.651785714285715,22,1,215,2026-01-05,2026-04-02,21.68854540027678,8.1420410005375707,0.61297785807048866,0.61297785807048866,0.61415204843651361,0.61415204843651372,0.0011741903660250574,0.0011741903660250571,0.20901294816359209,0.20901294816359209,0.20959750237495478,0.20959750237495481,0.00058455421136271817,0.00058455421136271795,0.55910402791311131,0.55270219875527171,-0.0064018291578396211,0.61339056693204441,0.61339056693204441,0.20959295136385328,0.20959295136385328,-0.00041270886155572728,-0.00041270886155572685,0.00076148150446932975,0.00076148150446932986,-0.0005800032002611609,-0.0005800032002611609,4.5510111015570094e-06,4.5510111015569255e-06
