model_id,status,target,predictors,universe,source_end_to_end,top_n,promotion,observations_live,observations_backfill,observations_unknown,evaluated,pending,excluded,baseline_status,last_observation,last_signal,ui_status,signals_20,mean_return_20,win_rate_20,signals_63,mean_return_63,win_rate_63,signals_126,mean_return_126,win_rate_126,pnl_since_promotion,max_drawdown_dollars
model_d4148c5e661a,active,INTC,"[""BKNG"", ""ABBV""]",,,12.0,2026-09-14T23:01:20.820759+00:00,6,18,3,26,1,0,available,2026-09-24,2026-09-18,Données insuffisantes,1,-0.0258420743063043,0.0,1,-0.0258420743063043,0.0,1,-0.0258420743063043,0.0,-258.420743063043,0.0
model_f770768ab169,active,SLB,"[""UNH""]",,,12.0,2026-09-14T23:01:32.744507+00:00,6,18,3,26,1,0,available,2026-09-24,2026-09-18,Données insuffisantes,1,-0.0182502842236848,0.0,1,-0.0182502842236848,0.0,1,-0.0182502842236848,0.0,-182.50284223684798,0.0
model_bb6ac93bf560,active,PANW,"[""KMB"", ""SBUX""]",,,12.0,2026-09-15T02:51:56.190109+00:00,6,21,0,26,1,0,available,2026-09-24,2026-09-24,Données insuffisantes,2,-0.00297562822324635,0.5,2,-0.00297562822324635,0.5,2,-0.00297562822324635,0.5,-59.512564464927,-64.21335740482
model_5a13695db90d,active,MKC,"[""BDX""]",,,12.0,2026-09-17T20:50:20.277318+00:00,6,21,0,25,2,0,unavailable,2026-09-24,2026-09-24,Données insuffisantes,2,-0.015348794372779398,0.5,2,-0.015348794372779398,0.5,2,-0.015348794372779398,0.5,-306.97588745558795,-331.58095835130996
model_ad04504f520b,active,GPC,"[""CHD"", ""FDS""]",,,12.0,2026-09-17T20:50:31.162770+00:00,6,21,0,25,2,0,unavailable,2026-09-24,2026-09-21,Données insuffisantes,1,-0.0187024961252078,0.0,1,-0.0187024961252078,0.0,1,-0.0187024961252078,0.0,-187.02496125207801,0.0
model_e939b0bb2f2d,active,CHRW,"[""KMB"", ""GD""]",,,12.0,2026-09-17T20:50:40.765216+00:00,6,21,0,25,2,0,unavailable,2026-09-24,2026-09-24,Données insuffisantes,3,-0.006231155900120067,0.0,3,-0.006231155900120067,0.0,3,-0.006231155900120067,0.0,-186.934677003602,-178.791354528032
model_ac893c31d783,active,ADP,"[""TMO"", ""BKNG""]",,20260919T020736_28fa866cd2,20.0,2026-09-19T19:55:40.232713+00:00,5,21,0,24,2,0,available,2026-09-24,2026-09-23,Données insuffisantes,1,-0.0180979210340929,0.0,1,-0.0180979210340929,0.0,1,-0.0180979210340929,0.0,-180.97921034092903,0.0
model_b7a6153fb3cb,active,AMD,"[""AXP"", ""KKR""]",,20260919T020736_28fa866cd2,20.0,2026-09-19T19:55:40.770462+00:00,5,21,0,25,1,0,available,2026-09-24,2026-09-24,Données insuffisantes,3,0.020929263683723998,0.6666666666666666,3,0.020929263683723998,0.6666666666666666,3,0.020929263683723998,0.6666666666666666,627.87791051172,-121.19326153850301
model_3b24fcde562c,active,AMD,"[""AXP"", ""WELL""]",,20260919T020736_28fa866cd2,20.0,2026-09-19T19:55:41.306894+00:00,5,21,0,25,1,0,available,2026-09-24,,Données insuffisantes,0,,,0,,,0,,,,
model_8ac716bcacda,active,DE,"[""PH"", ""ABT""]",,20260919T020736_28fa866cd2,20.0,2026-09-19T19:55:41.804701+00:00,5,21,0,25,1,0,available,2026-09-24,2026-09-24,Données insuffisantes,2,0.00177878208484125,0.5,2,0.00177878208484125,0.5,2,0.00177878208484125,0.5,35.57564169682499,-173.35986360299802
model_72b823a259a3,active,DE,"[""SCHW"", ""SPGI""]",,20260919T020736_28fa866cd2,20.0,2026-09-19T19:55:42.312272+00:00,5,21,0,25,1,0,available,2026-09-24,2026-09-23,Données insuffisantes,1,0.0107186447473901,1.0,1,0.0107186447473901,1.0,1,0.0107186447473901,1.0,107.18644747390101,0.0
model_521acffc5f96,active,DE,"[""SCHW"", ""XOM""]",,20260919T020736_28fa866cd2,20.0,2026-09-19T19:55:42.817232+00:00,5,21,0,25,1,0,available,2026-09-24,2026-09-24,Données insuffisantes,3,0.004758736305690865,0.6666666666666666,3,0.004758736305690865,0.6666666666666666,3,0.004758736305690865,0.6666666666666666,142.76208917072603,-173.35986360299802
model_c67cfe7d52a4,active,KKR,"[""DDOG"", ""SBUX""]",,20260919T020736_28fa866cd2,20.0,2026-09-19T19:55:43.380437+00:00,5,21,0,25,1,0,available,2026-09-24,2026-09-24,Données insuffisantes,2,-0.0035545715515999505,0.5,2,-0.0035545715515999505,0.5,2,-0.0035545715515999505,0.5,-71.09143103199901,-124.93537465526902
model_d32c9d239d66,active,KKR,"[""SBUX"", ""ELV""]",,20260919T020736_28fa866cd2,20.0,2026-09-19T19:55:43.886456+00:00,5,21,0,25,1,0,available,2026-09-24,2026-09-24,Données insuffisantes,4,-0.010573113790477276,0.25,4,-0.010573113790477276,0.25,4,-0.010573113790477276,0.25,-422.924551619091,-476.768495242361
model_fea2b232b3de,active,MCK,"[""GLD"", ""MS""]",,20260919T020736_28fa866cd2,20.0,2026-09-19T19:55:44.396984+00:00,5,21,0,25,1,0,available,2026-09-24,,Données insuffisantes,0,,,0,,,0,,,,
model_2464cc46f354,active,PLTR,"[""ELV"", ""PH""]",,20260919T020736_28fa866cd2,20.0,2026-09-19T19:55:44.900853+00:00,5,21,0,25,1,0,available,2026-09-24,,Données insuffisantes,0,,,0,,,0,,,,
model_f8f948d764ce,active,PLTR,"[""MCD"", ""C""]",,20260919T020736_28fa866cd2,20.0,2026-09-19T19:55:45.449052+00:00,5,21,0,25,1,0,available,2026-09-24,2026-09-24,Données insuffisantes,1,0.0179175446317572,1.0,1,0.0179175446317572,1.0,1,0.0179175446317572,1.0,179.17544631757198,0.0
model_90a35a2a9228,active,REGN,"[""NOW"", ""MPC""]",,20260919T020736_28fa866cd2,20.0,2026-09-19T19:55:45.984528+00:00,5,21,0,25,1,0,available,2026-09-24,,Données insuffisantes,0,,,0,,,0,,,,
model_f5c5bc3de32d,active,SPGI,"[""BX"", ""MSFT""]",,20260919T020736_28fa866cd2,20.0,2026-09-19T19:55:46.499761+00:00,5,21,0,25,1,0,available,2026-09-24,2026-09-22,Données insuffisantes,1,-0.0136274449965533,0.0,1,-0.0136274449965533,0.0,1,-0.0136274449965533,0.0,-136.274449965533,0.0
model_8996b9727376,active,SYK,"[""ISRG"", ""ABNB""]",,20260919T020736_28fa866cd2,20.0,2026-09-19T19:55:47.000373+00:00,5,21,0,25,1,0,available,2026-09-24,,Données insuffisantes,0,,,0,,,0,,,,
model_f5237b843379,active,SYK,"[""ISRG"", ""TJX""]",,20260919T020736_28fa866cd2,20.0,2026-09-19T19:55:47.532468+00:00,5,21,0,25,1,0,available,2026-09-24,,Données insuffisantes,0,,,0,,,0,,,,
model_9630517a616d,active,TMUS,"[""APH"", ""GOOGL""]",,20260919T020736_28fa866cd2,20.0,2026-09-19T19:55:48.049852+00:00,5,21,0,25,1,0,available,2026-09-24,2026-09-23,Données insuffisantes,1,0.0179427188790894,1.0,1,0.0179427188790894,1.0,1,0.0179427188790894,1.0,179.42718879089398,0.0
model_9e0df8356f55,active,DDOG,"[""REGN""]",,20260919T213755_20f36d8467,12.0,2026-09-21T11:56:25.551805+00:00,4,21,1,25,1,0,available,2026-09-24,2026-09-22,Données insuffisantes,1,0.0059959597703886,1.0,1,0.0059959597703886,1.0,1,0.0059959597703886,1.0,59.959597703886,0.0
model_cde3471bf4d1,active,VLO,"[""TMO"", ""MMM""]",,20260919T213755_20f36d8467,12.0,2026-09-21T11:56:48.211806+00:00,4,21,1,25,1,0,available,2026-09-24,2026-09-24,Données insuffisantes,2,-0.0050681305793029,0.5,2,-0.0050681305793029,0.5,2,-0.0050681305793029,0.5,-101.36261158605801,0.0
model_7900e39408d8,active,MU,"[""CAT""]",,20260919T213755_20f36d8467,12.0,2026-09-21T11:57:12.615561+00:00,4,21,1,25,1,0,available,2026-09-24,2026-09-24,Données insuffisantes,2,0.0019054344184911004,0.5,2,0.0019054344184911004,0.5,2,0.0019054344184911004,0.5,38.108688369822005,0.0
model_f5348882a246,active,INTC,"[""BNY"", ""GS""]",,20260919T213755_20f36d8467,12.0,2026-09-21T11:57:38.222731+00:00,4,21,1,25,1,0,available,2026-09-24,2026-09-22,Données insuffisantes,1,0.0312213802426439,1.0,1,0.0312213802426439,1.0,1,0.0312213802426439,1.0,312.21380242643903,0.0
model_2b29de565c0f,active,SYK,"[""NOW""]",,20260919T213755_20f36d8467,12.0,2026-09-21T11:58:10.036168+00:00,4,21,1,25,1,0,available,2026-09-24,2026-09-24,Données insuffisantes,2,-0.0097978562283276,0.0,2,-0.0097978562283276,0.0,2,-0.0097978562283276,0.0,-195.957124566552,-127.00392376838101
model_39a8c9623ab1,active,STX,"[""HPE""]",,20260919T213755_20f36d8467,12.0,2026-09-21T11:58:29.203333+00:00,4,21,1,25,1,0,available,2026-09-24,2026-09-24,Données insuffisantes,1,-0.0095554528360168,0.0,1,-0.0095554528360168,0.0,1,-0.0095554528360168,0.0,-95.55452836016799,0.0
model_b7afb7c03ea2,active,SPGI,"[""LITE"", ""LMT""]",,20260919T213755_20f36d8467,12.0,2026-09-21T11:58:50.539177+00:00,4,21,1,25,1,0,available,2026-09-24,2026-09-24,Données insuffisantes,2,-0.01046937856122055,0.0,2,-0.01046937856122055,0.0,2,-0.01046937856122055,0.0,-209.38757122441098,-73.11312125887798
model_5d171394ad2f,active,INTC,"[""GS""]",,20260919T213755_20f36d8467,12.0,2026-09-21T11:59:18.224871+00:00,4,21,1,25,1,0,available,2026-09-24,2026-09-23,Données insuffisantes,1,-0.0097730321325627,0.0,1,-0.0097730321325627,0.0,1,-0.0097730321325627,0.0,-97.730321325627,0.0
